{"id":"did:web:jacobmarder.com","@context":["https://www.w3.org/ns/did/v1",{"@base":"did:web:jacobmarder.com"}],"service":[{"id":"#linkeddomains","type":"LinkedDomains","serviceEndpoint":{"origins":["https://jacobmarder.com/"]}},{"id":"#hub","type":"IdentityHub","serviceEndpoint":{"instances":["https://hub.did.msidentity.com/v1.0/b4ab1032-cf7d-4d72-99b8-d849a8fb28e5"]}}],"verificationMethod":[{"id":"#f47c3be4686f429185bffc8dab29bc54vcSigningKey-da711","controller":"did:web:jacobmarder.com","type":"EcdsaSecp256k1VerificationKey2019","publicKeyJwk":{"crv":"secp256k1","kty":"EC","x":"fXTdcNJ1HEuxcCAYAjfA2QsQYoI3p16BJeQELo5yTDE","y":"pksCwwz_PmpCJc3tA-wfgtV-hTsyyVBULcnlxXXFj6I"}}],"authentication":["#f47c3be4686f429185bffc8dab29bc54vcSigningKey-da711"],"assertionMethod":["#f47c3be4686f429185bffc8dab29bc54vcSigningKey-da711"]}